{
  "tables": [
    {
      "name": "Table 1",
      "capacity": 5,
      "isAvailable": true,
      "location": "Bar"
    },
    {
      "name": "Table 2",
      "capacity": 5,
      "isAvailable": true,
      "location": "Patio"
    },
    {
      "name": "Table 3",
      "capacity": 5,
      "isAvailable": true,
      "location": "Bar"
    },
    {
      "name": "Table 4",
      "capacity": 6,
      "isAvailable": true,
      "location": "Inside"
    },
    {
      "name": "Table 5",
      "capacity": 7,
      "isAvailable": true,
      "location": "Patio"
    },
    {
      "name": "Table 6",
      "capacity": 2,
      "isAvailable": true,
      "location": "Patio"
    },
    {
      "name": "Table 7",
      "capacity": 2,
      "isAvailable": true,
      "location": "Bar"
    },
    {
      "name": "Table 8",
      "capacity": 3,
      "isAvailable": true,
      "location": "Bar"
    },
    {
      "name": "Table 9",
      "capacity": 5,
      "isAvailable": true,
      "location": "Patio"
    },
    {
      "name": "Table 10",
      "capacity": 4,
      "isAvailable": true,
      "location": "Patio"
    },
    {
      "name": "Table 11",
      "capacity": 3,
      "isAvailable": true,
      "location": "Bar"
    },
    {
      "name": "Table 12",
      "capacity": 5,
      "isAvailable": true,
      "location": "Inside"
    },
    {
      "name": "Table 13",
      "capacity": 2,
      "isAvailable": true,
      "location": "Bar"
    },
    {
      "name": "Table 14",
      "capacity": 3,
      "isAvailable": true,
      "location": "Patio"
    },
    {
      "name": "Table 15",
      "capacity": 7,
      "isAvailable": true,
      "location": "Patio"
    },
    {
      "name": "Table 16",
      "capacity": 2,
      "isAvailable": true,
      "location": "Inside"
    }
  ]
}
